langpair,n,perlang_rankminmax_pearson_vs_raw,perlang_rankminmax_spearman_vs_raw,perlang_rankminmax_kendall_vs_raw,perlang_z_minmax_pearson_vs_raw,perlang_z_minmax_spearman_vs_raw,perlang_z_minmax_kendall_vs_raw,global_minmax_pearson_vs_raw,global_minmax_spearman_vs_raw,global_minmax_kendall_vs_raw,dev_isotonic_pearson_vs_raw,dev_isotonic_spearman_vs_raw,perlang_isotonic_pearson_vs_raw,perlang_isotonic_spearman_vs_raw
en-ar,17542,0.9691704903378877,0.9999999999999998,1.0,1.0,0.9999999999999998,1.0,0.9999999999999999,0.9999999999999998,1.0,,,,
en-cs,17542,0.9614390705367706,1.0,1.0,0.9999999999999998,1.0,1.0,1.0,1.0,1.0,,,,
tr-is,17542,0.9618620906515043,0.9999999999999998,1.0,1.0,0.9999999999999998,1.0,1.0,0.9999999999999998,1.0,,,,
tr-el,17542,0.9590251988965138,1.0,1.0,1.0,1.0,1.0,1.0,1.0,1.0,,,,
en-es,17542,0.9647130698875874,1.0,1.0,1.0,1.0,1.0,1.0,1.0,1.0,,,,
en-el,17542,0.9588229402490548,1.0,1.0,0.9999999999999999,1.0,1.0,1.0,1.0,1.0,,,,
en-fr,17542,0.9633703713961768,0.9999999999999998,0.9999999999999999,1.0,0.9999999999999998,0.9999999999999999,1.0,0.9999999999999998,0.9999999999999999,,,,
en-is,17542,0.961991815393815,1.0,1.0,0.9999999999999999,1.0,1.0,1.0,1.0,1.0,,,,
en-uk,17542,0.9654315708978295,1.0,1.0,1.0,1.0,1.0,1.0,1.0,1.0,,,,
en-it,17542,0.9657551137724865,1.0,1.0,1.0,1.0,1.0,1.0,1.0,1.0,,,,
en-pt,17542,0.9599157802935726,1.0,1.0,1.0,1.0,1.0,1.0,1.0,1.0,,,,
en-ru,17542,0.9660712569071284,0.9999999999999998,1.0,1.0,0.9999999999999998,1.0,1.0,0.9999999999999998,1.0,,,,
en-sr,17542,0.9636963536930983,1.0,1.0,1.0,1.0,1.0,1.0,1.0,1.0,,,,
tr-fr,17542,0.9631331415380201,1.0,1.0,1.0,1.0,1.0,0.9999999999999999,1.0,1.0,,,,
tr-es,17542,0.9621634711129322,1.0,0.9999999999999999,1.0,1.0,0.9999999999999999,1.0,1.0,0.9999999999999999,,,,
tr-uk,17542,0.9664018029393051,1.0,1.0,0.9999999999999999,1.0,1.0,0.9999999999999999,1.0,1.0,,,,
tr-ru,17542,0.9649029203623556,1.0,1.0,1.0,1.0,1.0,1.0,1.0,1.0,,,,
tr-sr,17542,0.9624546833921103,1.0,1.0,1.0,1.0,1.0,1.0,1.0,1.0,,,,
tr-cs,17542,0.9597173015785398,1.0,1.0,1.0,1.0,1.0,1.0,1.0,1.0,,,,
fi-is,17542,0.9618457970028347,1.0,1.0,1.0,1.0,1.0,0.9999999999999999,1.0,1.0,,,,
tr-ar,17542,0.9654908444020691,1.0,1.0,1.0,1.0,1.0,1.0,1.0,1.0,,,,
tr-pt,17542,0.9577929838775366,1.0,1.0,0.9999999999999998,1.0,1.0,0.9999999999999997,1.0,1.0,,,,
tr-it,17542,0.9634633877673023,1.0,1.0,0.9999999999999999,1.0,1.0,0.9999999999999998,1.0,1.0,,,,
fi-uk,17542,0.9665015145961671,1.0,1.0,1.0,1.0,1.0,1.0,1.0,1.0,,,,
fi-sr,17542,0.9629197857840249,1.0,1.0,1.0,1.0,1.0,1.0,1.0,1.0,,,,
fi-ru,17542,0.966919656518363,0.9999999999999998,0.9999999999999999,1.0,0.9999999999999998,0.9999999999999999,1.0,0.9999999999999998,0.9999999999999999,,,,
fi-fr,17542,0.9626843563404502,1.0,1.0,1.0,1.0,1.0,1.0,1.0,1.0,,,,
fi-cs,17542,0.9614138323823957,0.9999999999999998,1.0,1.0,0.9999999999999998,1.0,1.0,0.9999999999999998,1.0,,,,
fi-it,17542,0.965281484027879,1.0,1.0,1.0,1.0,1.0,1.0,1.0,1.0,,,,
fi-pt,17542,0.9593742293188016,1.0,1.0,1.0,1.0,1.0,1.0,1.0,1.0,,,,
fi-ar,17542,0.9684340719645927,1.0,1.0,0.9999999999999999,1.0,1.0,0.9999999999999999,1.0,1.0,,,,
fi-es,17542,0.962622928243244,1.0,0.9999999999999999,1.0,1.0,0.9999999999999999,1.0,1.0,0.9999999999999999,,,,
fi-el,17542,0.9617916748197443,1.0,1.0,1.0,1.0,1.0,1.0,1.0,1.0,,,,
cs-de_DE,12339,0.9353682747938682,1.0,1.0,1.0,1.0,1.0,1.0,1.0,1.0,,,,
cs-uk_UA,9720,0.9058109451182128,0.9999999999999999,1.0,1.0,0.9999999999999999,1.0,1.0,0.9999999999999999,1.0,,,,
en-cs_CZ,9216,0.9346612520692847,1.0,1.0,1.0,1.0,1.0,1.0,1.0,1.0,,,,
en-sr_Cyrl_RS,8964,0.9454333021092388,1.0,1.0,0.9999999999999999,1.0,1.0,0.9999999999999997,1.0,1.0,,,,
en-bho_IN,8964,0.9627469831556595,1.0,1.0,0.9999999999999999,1.0,1.0,0.9999999999999999,1.0,1.0,,,,
ja-zh_CN,8658,0.7665662977477212,1.0,0.9999999999999999,0.9999999999999999,1.0,0.9999999999999999,1.0,1.0,0.9999999999999999,,,,
en-it_IT,8632,0.962603346394405,1.0,0.9999999999999999,0.9999999999999999,1.0,0.9999999999999999,0.9999999999999998,1.0,0.9999999999999999,,,,
en-ja_JP,8300,0.8446355029647994,1.0,0.9999999999999999,1.0,1.0,0.9999999999999999,0.9999999999999998,1.0,0.9999999999999999,,,,
en-zh_CN,8300,0.9211222235646989,1.0,1.0,0.9999999999999998,1.0,1.0,0.9999999999999999,1.0,1.0,,,,
en-ko_KR,8300,0.8773521048510068,1.0,0.9999999999999999,1.0,1.0,0.9999999999999999,0.9999999999999997,1.0,0.9999999999999999,,,,
en-is_IS,8300,0.8808385367358835,1.0,1.0,0.9999999999999999,1.0,1.0,1.0,1.0,1.0,,,,
en-ar_EG,7968,0.9314774388935627,0.9999999999999998,1.0,0.9999999999999998,0.9999999999999998,1.0,0.9999999999999999,0.9999999999999998,1.0,,,,
en-et_EE,7968,0.853733323836245,1.0,1.0,1.0,1.0,1.0,0.9999999999999999,1.0,1.0,,,,
en-mas_KE,7636,0.885096655813712,1.0,0.9999999999999998,1.0,1.0,0.9999999999999998,1.0,1.0,0.9999999999999998,,,,
en-ru_RU,7304,0.915138902640026,1.0,1.0,0.9999999999999996,1.0,1.0,0.9999999999999994,1.0,1.0,,,,
en-uk_UA,6972,0.9007877792210304,1.0,1.0,0.9999999999999998,1.0,1.0,0.9999999999999998,1.0,1.0,,,,
en-ja,5984,0.9174189752743409,0.9999999999999999,0.9999999999999998,0.9999999999999999,0.9999999999999999,0.9999999999999998,0.9999999999999999,0.9999999999999999,0.9999999999999998,,,,
en-zh,5984,0.9657985857693483,1.0,1.0,1.0,1.0,1.0,1.0,1.0,1.0,,,,
ja-zh,1336,0.9432674643392459,1.0,0.9999999999999999,1.0,1.0,0.9999999999999999,1.0,1.0,0.9999999999999999,,,,
pt-nya,1242,0.9749260637060589,1.0,1.0,0.9999999999999999,1.0,1.0,0.9999999999999999,1.0,1.0,,,,
en-kin,1210,0.9597599184121772,1.0,1.0,1.0,1.0,1.0,0.9999999999999999,1.0,1.0,,,,
en-yor,1206,0.9911187702370975,1.0,0.9999999999999999,1.0,1.0,0.9999999999999999,1.0,1.0,0.9999999999999999,,,,
en-twi,1200,0.8616359644432101,1.0,1.0,0.9999999999999998,1.0,1.0,1.0,1.0,1.0,,,,
en-luo,1199,0.9482841952889158,0.9999999999999999,0.9999999999999999,0.9999999999999999,0.9999999999999999,0.9999999999999999,0.9999999999999999,0.9999999999999999,0.9999999999999999,,,,
en-hau,1192,0.8965153479854969,0.9999999999999999,0.9999999999999999,1.0,0.9999999999999999,0.9999999999999999,0.9999999999999999,0.9999999999999999,0.9999999999999999,,,,
fr-wol,1175,0.9254119024693516,1.0,0.9999999999999999,1.0,1.0,0.9999999999999999,1.0,1.0,0.9999999999999999,,,,
en-kik,1172,0.9772743408890441,1.0,1.0,1.0,1.0,1.0,1.0,1.0,1.0,,,,
en-amh,1166,0.8437183004520371,1.0,1.0,0.9999999999999999,1.0,1.0,0.9999999999999999,1.0,1.0,,,,
fr-ewe,1077,0.8601220764759542,1.0,1.0,1.0,1.0,1.0,1.0,1.0,1.0,,,,
pt-vmw,930,0.9566177394823155,0.9999999999999998,1.0,1.0,0.9999999999999998,1.0,0.9999999999999999,0.9999999999999998,1.0,,,,
cs-en,80,0.9836025935797935,1.0,0.9999999999999999,0.9999999999999998,1.0,0.9999999999999999,1.0,1.0,0.9999999999999999,,,,
cs-en_US,80,0.9836423627083766,1.0,0.9999999999999999,1.0,1.0,0.9999999999999999,1.0,1.0,0.9999999999999999,,,,
cs-en_GB,80,0.983586279339893,1.0,0.9999999999999999,1.0,1.0,0.9999999999999999,1.0,1.0,0.9999999999999999,,,,
